<?xml version="1.0" encoding="utf-8"?>
<extension type="component" version="3.2" method="upgrade">
	<name>COM_ALLFIELDS</name>
	<creationDate>January 14, 2014</creationDate>
	<author>Caleb Nance</author>
	<authorEmail>joomla.calebnance@gmail.com</authorEmail>
	<authorUrl>www.codelydia.com</authorUrl>
	<copyright>Copyright (C) 2013. All Rights Reserved</copyright>
	<license>GNU/GPL Version 2 or later - http://www.gnu.org/licenses/gpl-2.0.html</license>
	<version>1.1.5</version>
	<description><![CDATA[
		<h1>All Fields (v.1.1.5)</h1>
		<div style="clear: both;"></div>
		<p>This component was created using Black Rabbit Joomla Component Creator for free. <strong>Built for Joomla 3.2.</strong></p>
		<p>Created by <a href="http://www.codelydia.com" target="_blank">Caleb Nance | www.codelydia.com</a>
	]]></description>

	<!-- Runs on install; New in Joomla 1.5 -->
	<install>
		<sql>
			<file driver="mysql" charset="utf8">sql/install.mysql.utf8.sql</file>
		</sql>
	</install>

	<!-- Runs on uninstall; New in Joomla 1.5 -->
	<uninstall>
		<sql>
			<file driver="mysql" charset="utf8">sql/uninstall.mysql.utf8.sql</file>
		</sql>
	</uninstall>

	<!-- Runs on install/uninstall/update; New in Joomla 2.5 -->
	<scriptfile>script.php</scriptfile>

	<!-- Update Schema; New in Joomla 2.5 -->
	<update>
		<schemas>
			<schemapath type="mysql">sql/updates/mysql/</schemapath>
		</schemas>
	</update>

	<files folder="site">
		<filename>controller.php</filename>
		<filename>index.html</filename>
		<filename>router.php</filename>
		<filename>allfields.php</filename>
		<folder>assets</folder>
		<folder>helpers</folder>
		<folder>models</folder>
		<folder>views</folder>
	</files>
	<administration>
		<menu>COM_ALLFIELDS_MENU</menu>
		<submenu>
			<!-- Instead of link you can specify individual link attributes -->
			<menu option="com_allfields" view="allfields">COM_ALLFIELDS_MENU_ALLFIELDS</menu>
			<menu link="option=com_categories&amp;extension=com_allfields">COM_ALLFIELDS_MENU_MENU_CATEGORIES</menu>
		</submenu>
		<files folder="admin">
			<filename>access.xml</filename>
			<filename>config.xml</filename>
			<filename>controller.php</filename>
			<filename>index.html</filename>
			<filename>allfields.php</filename>
			<folder>assets</folder>
			<folder>controllers</folder>
			<folder>helpers</folder>
			<folder>models</folder>
			<folder>sql</folder>
			<folder>tables</folder>
			<folder>views</folder>
		</files>

		<languages folder="admin">
			<language tag="en-GB">language/en-GB/en-GB.com_allfields.ini</language>
			<language tag="en-GB">language/en-GB/en-GB.com_allfields.sys.ini</language>
		</languages>

	</administration>
</extension>